,zip code,city,State,cfa_stores_per_zip
0,01020,Chicopee,MA,2
1,01581,Westborough,MA,2
2,01606,Worcester,MA,2
3,01701,Framingham,MA,2
4,01752,Marlborough,MA,2
5,01803,Burlington,MA,2
6,01960,Peabody,MA,2
7,02026,Dedham,MA,2
8,02601,Hyannis,MA,2
9,02771,Seekonk,MA,2
10,02886,Warwick,RI,2
11,03060,Nashua,NH,2
12,03063,Nashua,NH,2
13,04401,Bangor,ME,2
14,06082,Enfield,CT,2
15,06110,Hartford,CT,2
16,06382,Uncasville,CT,2
17,06473,Haven,CT,2
18,06489,Southington,CT,2
19,06492,Wallingford,CT,2
20,06804,Brookfield,CT,2
21,06810,Danbury,CT,2
22,06854,Norwalk,CT,2
23,07083,Union,NJ,2
24,07095,Woodbridge,NJ,4
25,07310,City,NJ,2
26,07608,Teterboro,NJ,2
27,07631,Englewood,NJ,2
28,07652,Paramus,NJ,4
29,07724,Eatontown,NJ,2
30,07728,Freehold,NJ,2
31,07731,Howell,NJ,2
32,07832,Columbia,NJ,2
33,08002,Hill,NJ,4
34,08012,Turnersville,NJ,2
35,08016,Burlington,NJ,2
36,08043,Voorhees,NJ,4
37,08053,Marlton,NJ,2
38,08054,Laurel,NJ,4
39,08075,Delran,NJ,2
40,08080,Sewell,NJ,2
41,08081,Sicklerville,NJ,2
42,08096,Deptford,NJ,4
43,08106,Audubon,NJ,2
44,08205,Galloway,NJ,2
45,08234,Township,NJ,2
46,08360,Vineland,NJ,2
47,08691,Hamilton,NJ,2
48,08723,Brick,NJ,2
49,08822,Flemington,NJ,2
50,08837,Edison,NJ,2
51,08865,Phillipsburg,NJ,2
52,10,Terminal,Core,2
53,10003,York,NY,2
54,10018,York,NY,2
55,10036,York,NY,2
56,11373,Elmhurst,NY,2
57,11725,Commack,NY,2
58,11735,Farmingdale,NY,2
59,11776,Stati,NY,2
60,11801,Hicksville,NY,2
61,15061,Monaca,PA,2
62,15090,Wexford,PA,2
63,15120,Homestead,PA,2
64,15146,Monroeville,PA,2
65,15205,Pittsburgh,PA,4
66,15213,Pittsburgh,PA,2
67,15231,Pittsburgh,PA,2
68,15236,Hills,PA,2
69,15237,Pittsburgh,PA,4
70,15241,Pittsburgh,PA,2
71,15282,Pittsburgh,PA,2
72,15301,Washington,PA,2
73,15419,California,PA,2
74,15601,Greensburg,PA,6
75,15701,Indiana,PA,2
76,16066,Township,PA,2
77,16509,Erie,PA,2
78,16601,Altoona,PA,2
79,16802,Park,PA,2
80,16803,College,PA,2
81,17013,Carlisle,PA,2
82,17033,Hershey,PA,2
83,17050,Mechanicsburg,PA,2
84,17111,Harrisburg,PA,2
85,17201,Chambersburg,PA,2
86,17331,Hanover,PA,2
87,17361,Shrewsbury,PA,2
88,17402,York,PA,2
89,17404,York,PA,2
90,17601,Lancaster,PA,2
91,17602,Lancaster,PA,2
92,17745,Haven,PA,2
93,17815,Bloomsburg,PA,2
94,18045,Easton,PA,2
95,18052,Whitehall,PA,4
96,18106,Allentown,PA,2
97,18510,Scranton,PA,2
98,18612,Dallas,PA,2
99,18701,Barre,PA,2
100,18936,Montgomeryville,PA,2
101,18940,Newtown,PA,2
102,18951,Quakertown,PA,2
103,18974,Warminster,PA,2
104,18976,Warrington,PA,2
105,19020,Bensalem,PA,2
106,19033,Folsom,PA,2
107,19047,Langhorne,PA,2
108,19053,Trevose,PA,2
109,19063,Media,PA,2
110,19064,Springfield,PA,2
111,19090,Grove,PA,2
112,19103,Philadelphia,PA,2
113,19104,Philadelphia,PA,2
114,19114,Philadelphia,PA,2
115,19122,Philadelphia,PA,2
116,19124,Philadelphia,PA,2
117,19137,Philadelphia,PA,2
118,19148,Philadelphia,PA,2
119,19150,Philadelphia,PA,2
120,19153,Philadelphia,PA,2
121,19335,Downingtown,PA,2
122,19341,Exton,PA,4
123,19342,Mills,PA,2
124,19383,Chester,PA,2
125,19401,Norriton,PA,2
126,19403,Norristown,PA,2
127,19406,Prussia,PA,4
128,19446,Lansdale,PA,2
129,19454,Wales,PA,2
130,19462,Meeting,PA,2
131,19464,Pottstown,PA,2
132,19468,Royersford,PA,2
133,19530,Kutztown,PA,2
134,19606,Reading,PA,2
135,19610,Reading,PA,2
136,19610,Wyomissing,PA,2
137,19701,Bear,DE,2
138,19702,Newark,DE,2
139,19709,Middletown,DE,2
140,19713,Newark,DE,4
141,19803,Wilmington,DE,2
142,19901,Dover,DE,4
143,19934,Camden,DE,2
144,19963,Milford,DE,2
145,19971,Beach,DE,2
146,20001,Washington,DC,4
147,20002,Washington,DC,6
148,20007,Washington,DC,2
149,20010,Washington,DC,2
150,20016,Washington,DC,2
151,20052,Washington,DC,2
152,20064,Washington,DC,2
153,20109,Manassas,VA,4
154,20110,Manassas,VA,2
155,20132,Purcellville,VA,2
156,20147,Ashburn,VA,2
157,20151,Chantilly,VA,6
158,20152,Chantilly,VA,2
159,20155,Gainesville,VA,2
160,20164,Sterling,VA,2
161,20166,Dulles,VA,2
162,20166,Sterling,VA,4
163,20169,Haymarket,VA,2
164,20176,Leesburg,VA,2
165,20186,Warrenton,VA,2
166,20190,Reston,VA,2
167,20603,Waldorf,MD,4
168,20613,Brandywine,MD,2
169,20619,California,MD,2
170,20646,Plata,MD,2
171,20707,Laurel,MD,2
172,20715,Bowie,MD,2
173,20716,Bowie,MD,2
174,20720,Bowie,MD,2
175,20723,Laurel,MD,2
176,20724,Laurel,MD,2
177,20742,Park,MD,2
178,20743,Heights,MD,2
179,20747,Heights,MD,2
180,20774,Largo,MD,2
181,20817,Bethesda,MD,2
182,20832,Olney,MD,2
183,20852,Rockville,MD,2
184,20874,Germantown,MD,2
185,20878,Gaithersburg,MD,2
186,20904,Spring,MD,2
187,20910,Spring,MD,2
188,21001,Aberdeen,MD,2
189,21009,Abingdon,MD,2
190,21030,Cockeysville,MD,2
191,21030,Valley,MD,2
192,21037,Edgewater,MD,2
193,21044,Columbia,MD,2
194,21045,Columbia,MD,4
195,21050,Hill,MD,2
196,21054,Gambrills,MD,4
197,21061,Burnie,MD,4
198,21076,Hanover,MD,2
199,21090,Heights,MD,2
200,21117,Mills,MD,4
201,21122,Pasadena,MD,2
202,21136,Reisterstown,MD,2
203,21144,Severn,MD,2
204,21146,Park,MD,2
205,21157,Westminster,MD,4
206,21202,Baltimore,MD,2
207,21204,Towson,MD,2
208,21220,River,MD,2
209,21224,Baltimore,MD,4
210,21227,Baltimore,MD,2
211,21228,Catonsville,MD,2
212,21229,Baltimore,MD,2
213,21234,Parkville,MD,2
214,21236,Baltimore,MD,6
215,21240,Baltimore,MD,4
216,21250,Baltimore,MD,2
217,21251,Baltimore,MD,2
218,21252,Towson,MD,2
219,21401,Annapolis,MD,4
220,21502,Cumberland,MD,4
221,21532,Frostburg,MD,2
222,21601,Easton,MD,2
223,21619,Chester,MD,2
224,21701,Frederick,MD,2
225,21704,Frederick,MD,2
226,21740,Hagerstown,MD,2
227,21784,Eldersburg,MD,2
228,21801,Salisbury,MD,6
229,21842,City,MD,2
230,21853,Anne,MD,2
231,21921,Elkton,MD,2
232,22015,Burke,VA,2
233,22025,Dumfries,VA,2
234,22030,Fairfax,VA,2
235,22031,Fairfax,VA,2
236,22033,Fairfax,VA,4
237,22044,Church,VA,2
238,22150,Springfield,VA,2
239,22182,Vienna,VA,2
240,22192,Woodbridge,VA,4
241,22202,Arlington,VA,2
242,22401,Fredericksburg,VA,2
243,22406,Fredericksburg,VA,2
244,22407,Fredericksburg,VA,6
245,22556,Stafford,VA,2
246,22601,Winchester,VA,6
247,22603,Winchester,VA,2
248,22701,Culpeper,VA,2
249,22801,Harrisonburg,VA,2
250,22807,Harrisonburg,VA,2
251,22901,Charlottesville,VA,4
252,22904,Charlottesville,VA,2
253,22911,Charlottesville,VA,2
254,22980,Waynesboro,VA,2
255,23005,Ashland,VA,2
256,23047,Doswell,VA,2
257,23059,Allen,VA,2
258,23061,Gloucester,VA,2
259,23111,Mechanicsville,VA,2
260,23112,Midlothian,VA,2
261,23113,Midlothian,VA,2
262,23188,Williamsburg,VA,4
263,23225,Richmond,VA,2
264,23229,Richmond,VA,4
265,23230,Richmond,VA,4
266,23231,Richmond,VA,2
267,23233,Richmond,VA,4
268,23235,Chesterfield,VA,4
269,23284,Richmond,VA,2
270,23294,Richmond,VA,2
271,23298,Richmond,VA,2
272,23320,Chesapeake,VA,4
273,23321,Chesapeake,VA,4
274,23322,Chesapeake,VA,4
275,23434,Suffolk,VA,2
276,23435,Suffolk,VA,2
277,23451,Beach,VA,2
278,23452,Beach,VA,4
279,23454,Beach,VA,2
280,23455,Beach,VA,2
281,23456,Beach,VA,2
282,23462,Beach,VA,4
283,23464,Beach,VA,2
284,23502,Norfolk,VA,2
285,23504,Norfolk,VA,2
286,23510,Norfolk,VA,2
287,23529,Norfolk,VA,2
288,23602,News,VA,4
289,23606,News,VA,4
290,23666,Hampton,VA,4
291,23668,Hampton,VA,2
292,23693,Yorktown,VA,2
293,23707,Portsmouth,VA,2
294,23803,Petersburg,VA,2
295,23831,Chester,VA,2
296,23832,Chesterfield,VA,2
297,23834,Heights,VA,4
298,23901,Farmville,VA,2
299,24012,Roanoke,VA,6
300,24014,Roanoke,VA,2
301,24061,Blacksburg,VA,2
302,24073,Christiansburg,VA,2
303,24112,Martinsville,VA,2
304,24142,Radford,VA,2
305,24153,Salem,VA,2
306,24202,Bristol,VA,2
307,24293,Wise,VA,2
308,24502,Lynchburg,VA,8
309,24540,Danville,VA,2
310,24541,Danville,VA,2
311,24701,Bluefield,WV,2
312,24740,Princeton,WV,2
313,25309,Charleston,WV,2
314,25389,Charleston,WV,2
315,25401,Martinsburg,WV,2
316,25438,Ranson,WV,2
317,25504,Barboursville,WV,4
318,25755,Huntington,WV,2
319,25801,Beckley,WV,2
320,25880,Hope,WV,2
321,26105,Vienna,WV,4
322,26301,Clarksburg,WV,2
323,26330,Bridgeport,WV,2
324,26501,Morgantown,WV,2
325,26505,Morgantown,WV,2
326,26506,Morgantown,WV,2
327,27012,Clemmons,NC,2
328,27030,Airy,NC,2
329,27103,Salem,NC,6
330,27105,Salem,NC,2
331,27106,Salem,NC,2
332,27109,Salem,NC,2
333,27110,Salem,NC,2
334,27127,Salem,NC,2
335,27157,Salem,NC,2
336,27203,Asheboro,NC,4
337,27215,Burlington,NC,4
338,27244,College,NC,2
339,27262,Point,NC,2
340,27265,Point,NC,4
341,27284,Kernersville,NC,2
342,27292,Lexington,NC,2
343,27332,Sanford,NC,2
344,27407,Greensboro,NC,4
345,27408,Greensboro,NC,2
346,27410,Greensboro,NC,4
347,27411,Greensboro,NC,2
348,27412,Greensboro,NC,2
349,27455,Greensboro,NC,2
350,27502,Apex,NC,2
351,27506,Creek,NC,2
352,27511,Cary,NC,2
353,27513,Cary,NC,2
354,27514,Hill,NC,2
355,27518,Cary,NC,4
356,27519,Cary,NC,4
357,27526,Varina,NC,2
358,27529,Garner,NC,4
359,27534,Goldsboro,NC,2
360,27536,Henderson,NC,2
361,27540,Springs,NC,2
362,27545,Knightdale,NC,2
363,27577,Smithfield,NC,2
364,27587,Forest,NC,2
365,27599,Hill,NC,2
366,27601,Raleigh,NC,2
367,27604,Raleigh,NC,2
368,27605,Raleigh,NC,2
369,27607,Raleigh,NC,2
370,27609,Raleigh,NC,2
371,27612,Raleigh,NC,4
372,27615,Raleigh,NC,4
373,27616,Raleigh,NC,2
374,27617,Raleigh,NC,2
375,27695,Raleigh,NC,2
376,27704,Durham,NC,2
377,27705,Durham,NC,2
378,27707,Durham,NC,4
379,27710,Durham,NC,2
380,27713,Durham,NC,6
381,27804,Mount,NC,2
382,27834,Greenville,NC,2
383,27858,Greenville,NC,6
384,27870,Rapids,NC,2
385,27893,Wilson,NC,2
386,27909,City,NC,2
387,28012,Belmont,NC,2
388,28017,Springs,NC,2
389,28025,Concord,NC,4
390,28027,Concord,NC,6
391,28037,Denver,NC,2
392,28056,Gastonia,NC,2
393,28078,Huntersville,NC,2
394,28079,Trail,NC,2
395,28104,Matthews,NC,2
396,28105,Matthews,NC,2
397,28110,Monroe,NC,4
398,28117,Mooresville,NC,2
399,28134,Pineville,NC,2
400,28144,Salisbury,NC,2
401,28152,Shelby,NC,4
402,28202,Charlotte,NC,2
403,28203,Charlotte,NC,2
404,28208,Charlotte,NC,2
405,28209,Charlotte,NC,4
406,28211,Charlotte,NC,4
407,28216,Charlotte,NC,6
408,28223,Charlotte,NC,2
409,28226,Charlotte,NC,2
410,28227,Charlotte,NC,2
411,28262,Charlotte,NC,4
412,28269,Charlotte,NC,2
413,28273,Charlotte,NC,8
414,28277,Charlotte,NC,6
415,28280,Charlotte,NC,2
416,28301,Fayetteville,NC,2
417,28303,Fayetteville,NC,4
418,28311,Fayetteville,NC,4
419,28314,Fayetteville,NC,2
420,28358,Lumberton,NC,2
421,28372,Pembroke,NC,2
422,28387,Pines,NC,2
423,28403,Wilmington,NC,6
424,28405,Wilmington,NC,4
425,28412,Wilmington,NC,2
426,28504,Kinston,NC,2
427,28546,Jacksonville,NC,6
428,28557,City,NC,2
429,28562,Bern,NC,2
430,28590,Winterville,NC,2
431,28601,Hickory,NC,2
432,28602,Hickory,NC,4
433,28607,Boone,NC,2
434,28608,Boone,NC,2
435,28625,Statesville,NC,2
436,28645,Lenoir,NC,2
437,28655,Morganton,NC,2
438,28697,Wilkesboro,NC,2
439,28723,Cullowhee,NC,2
440,28786,Waynesville,NC,2
441,28792,Hendersonville,NC,2
442,28801,Asheville,NC,2
443,28803,Asheville,NC,2
444,28805,Asheville,NC,4
445,29020,Camden,SC,2
446,29063,Irmo,SC,2
447,29072,Lexington,SC,4
448,29108,Newberry,SC,2
449,29118,Orangeburg,SC,2
450,29150,Sumter,SC,4
451,29169,Columbia,SC,2
452,29203,Columbia,SC,2
453,29204,Columbia,SC,2
454,29205,Columbia,SC,2
455,29206,Columbia,SC,4
456,29208,Columbia,SC,2
457,29209,Columbia,SC,2
458,29210,Columbia,SC,2
459,29212,Columbia,SC,4
460,29229,Columbia,SC,2
461,29301,Spartanburg,SC,4
462,29303,Spartanburg,SC,4
463,29307,Spartanburg,SC,2
464,29316,Springs,SC,2
465,29334,Duncan,SC,2
466,29341,Gaffney,SC,2
467,29360,Laurens,SC,2
468,29401,Charleston,SC,2
469,29406,Charleston,SC,6
470,29407,Charleston,SC,4
471,29409,Charleston,SC,2
472,29412,Charleston,SC,2
473,29414,Charleston,SC,2
474,29418,Charleston,SC,2
475,29420,Charleston,SC,2
476,29424,Charleston,SC,2
477,29425,Charleston,SC,2
478,29445,Creek,SC,2
479,29461,Corner,SC,2
480,29464,Pleasant,SC,2
481,29466,Pleasant,SC,2
482,29483,Summerville,SC,2
483,29501,Florence,SC,4
484,29505,Florence,SC,2
485,29526,Conway,SC,2
486,29528,Conway,SC,2
487,29575,Beach,SC,2
488,29576,Inlet,SC,2
489,29577,Beach,SC,6
490,29579,Beach,SC,2
491,29582,Beach,SC,2
492,29605,Greenville,SC,2
493,29607,Greenville,SC,8
494,29609,Greenville,SC,2
495,29613,Greenville,SC,2
496,29614,Greenville,SC,2
497,29615,Greenville,SC,2
498,29621,Anderson,SC,8
499,29631,Clemson,SC,2
500,29633,Clemson,SC,2
501,29640,Easley,SC,2
502,29649,Greenwood,SC,4
503,29650,Greer,SC,2
504,29651,Greer,SC,2
505,29662,Mauldin,SC,2
506,29673,Piedmont,SC,2
507,29678,Seneca,SC,2
508,29680,Simpsonville,SC,2
509,29687,Taylors,SC,2
510,29688,Tigerville,SC,2
511,29690,Rest,SC,2
512,29707,Land,SC,2
513,29708,Mill,SC,4
514,29720,Lancaster,SC,2
515,29730,Hill,SC,4
516,29732,Hill,SC,2
517,29803,Aiken,SC,2
518,29841,Augusta,SC,2
519,29906,Beaufort,SC,2
520,29910,Bluffton,SC,2
521,30008,Marietta,GA,2
522,30009,Alpharetta,GA,2
523,30013,Conyers,GA,2
524,30014,Covington,GA,2
525,30019,Dacula,GA,2
526,30022,Alpharetta,GA,8
527,30024,Suwanee,GA,6
528,30030,Decatur,GA,2
529,30033,Decatur,GA,6
530,30035,Decatur,GA,2
531,30038,Lithonia,GA,4
532,30040,Cumming,GA,2
533,30041,Cumming,GA,2
534,30043,Lawrenceville,GA,2
535,30044,Lawrenceville,GA,2
536,30046,Lawrenceville,GA,2
537,30047,Lilburn,GA,2
538,30052,Loganville,GA,2
539,30060,Marietta,GA,4
540,30062,Marietta,GA,4
541,30064,Marietta,GA,4
542,30066,Marietta,GA,2
543,30075,Roswell,GA,2
544,30076,Roswell,GA,2
545,30078,Snellville,GA,4
546,30080,Smyrna,GA,4
547,30083,Mountain,GA,2
548,30084,Tucker,GA,4
549,30087,Mountain,GA,2
550,30092,Norcross,GA,2
551,30093,Norcross,GA,2
552,30096,Duluth,GA,4
553,30097,Duluth,GA,2
554,30101,Acworth,GA,4
555,30106,Austell,GA,2
556,30114,Canton,GA,4
557,30116,Carrollton,GA,4
558,30118,Carrollton,GA,2
559,30121,Cartersville,GA,4
560,30122,Springs,GA,2
561,30134,Douglasville,GA,2
562,30135,Douglasville,GA,4
563,30141,Hiram,GA,2
564,30144,Kennesaw,GA,8
565,30149,Berry,GA,2
566,30153,Rockmart,GA,2
567,30157,Dallas,GA,2
568,30161,Rome,GA,2
569,30165,Rome,GA,4
570,30180,Rica,GA,2
571,30188,Woodstock,GA,2
572,30189,Woodstock,GA,2
573,30213,Fairburn,GA,2
574,30214,Fayetteville,GA,10
575,30223,Griffin,GA,4
576,30228,Hampton,GA,2
577,30236,Jonesboro,GA,2
578,30241,Lagrange,GA,4
579,30252,Mcdonough,GA,2
580,30253,Mcdonough,GA,4
581,30260,Morrow,GA,2
582,30265,Newnan,GA,4
583,30269,City,GA,8
584,30274,Riverdale,GA,2
585,30281,Stockbridge,GA,4
586,30297,Park,GA,2
587,30303,Atlanta,GA,10
588,30305,Atlanta,GA,2
589,30308,Atlanta,GA,2
590,30309,Atlanta,GA,4
591,30312,Atlanta,GA,2
592,30313,Atlanta,GA,8
593,30314,Atlanta,GA,2
594,30316,Atlanta,GA,2
595,30318,Atlanta,GA,2
596,30320,Atlanta,GA,4
597,30324,Atlanta,GA,2
598,30326,Atlanta,GA,2
599,30328,Atlanta,GA,2
600,30329,Atlanta,GA,2
601,30331,Atlanta,GA,4
602,30332,Atlanta,GA,2
603,30334,Atlanta,GA,2
604,30338,Dunwoody,GA,4
605,30339,Atlanta,GA,8
606,30340,Doraville,GA,2
607,30341,Chamblee,GA,2
608,30342,Atlanta,GA,2
609,30344,Atlanta,GA,2
610,30344,Point,GA,2
611,30346,Atlanta,GA,4
612,30350,Atlanta,GA,2
613,30354,Atlanta,GA,2
614,30354,Hapeville,GA,2
615,30458,Statesboro,GA,2
616,30460,Statesboro,GA,2
617,30474,Vidalia,GA,2
618,30501,Gainesville,GA,6
619,30512,Blairsville,GA,2
620,30517,Braselton,GA,2
621,30519,Buford,GA,6
622,30525,Clayton,GA,2
623,30528,Cleveland,GA,2
624,30529,Commerce,GA,2
625,30531,Cornelia,GA,2
626,30533,Dahlonega,GA,2
627,30534,Dawsonville,GA,2
628,30540,Ellijay,GA,2
629,30542,Branch,GA,4
630,30602,Athens,GA,2
631,30605,Athens,GA,2
632,30606,Athens,GA,6
633,30650,Madison,GA,2
634,30655,Monroe,GA,2
635,30701,Calhoun,GA,2
636,30720,Dalton,GA,2
637,30721,Dalton,GA,2
638,30742,Oglethorpe,GA,2
639,30809,Evans,GA,2
640,30813,Grovetown,GA,2
641,30824,Thomson,GA,2
642,30901,Augusta,GA,2
643,30906,Augusta,GA,2
644,30907,Augusta,GA,2
645,30909,Augusta,GA,4
646,31005,Bonaire,GA,2
647,31015,Cordele,GA,2
648,31021,Dublin,GA,2
649,31028,Centerville,GA,2
650,31030,Valley,GA,2
651,31061,Milledgeville,GA,4
652,31069,Perry,GA,2
653,31093,Robins,GA,2
654,31201,Macon,GA,2
655,31206,Macon,GA,4
656,31207,Macon,GA,2
657,31210,Macon,GA,4
658,31313,Hinesville,GA,2
659,31322,Pooler,GA,2
660,31404,Savannah,GA,2
661,31406,Savannah,GA,4
662,31419,Savannah,GA,4
663,31501,Waycross,GA,2
664,31520,Brunswick,GA,2
665,31522,Island,GA,2
666,31548,Kingsland,GA,2
667,31601,Valdosta,GA,4
668,31602,Valdosta,GA,2
669,31636,Park,GA,2
670,31698,Valdosta,GA,2
671,31705,Albany,GA,4
672,31707,Albany,GA,4
673,31709,Americus,GA,2
674,31757,Thomasville,GA,2
675,31763,Leesburg,GA,2
676,31768,Moultrie,GA,2
677,31793,Tifton,GA,2
678,31820,Midland,GA,2
679,31901,Columbus,GA,2
680,31904,Columbus,GA,4
681,31906,Columbus,GA,2
682,31907,Columbus,GA,2
683,31909,Columbus,GA,4
684,32003,Island,FL,2
685,32055,City,FL,2
686,32068,Middleburg,FL,2
687,32073,Park,FL,4
688,32084,Augustine,FL,4
689,32097,Yulee,FL,2
690,32114,Beach,FL,4
691,32127,Orange,FL,2
692,32137,Coast,FL,2
693,32141,Edgewater,FL,2
694,32159,Villages,FL,2
695,32174,Beach,FL,2
696,32204,Jacksonville,FL,2
697,32207,Jacksonville,FL,2
698,32210,Jacksonville,FL,2
699,32211,Jacksonville,FL,2
700,32216,Jacksonville,FL,2
701,32218,Jacksonville,FL,2
702,32222,Jacksonville,FL,2
703,32224,Jacksonville,FL,4
704,32225,Jacksonville,FL,4
705,32246,Jacksonville,FL,2
706,32250,Beach,FL,2
707,32256,Jacksonville,FL,6
708,32257,Jacksonville,FL,2
709,32301,Tallahassee,FL,4
710,32303,Tallahassee,FL,2
711,32304,Tallahassee,FL,2
712,32306,Tallahassee,FL,2
713,32307,Tallahassee,FL,2
714,32308,Tallahassee,FL,2
715,32312,Tallahassee,FL,2
716,32404,City,FL,2
717,32405,City,FL,6
718,32407,City,FL,2
719,32503,Pensacola,FL,2
720,32504,Pensacola,FL,4
721,32507,Pensacola,FL,2
722,32514,Pensacola,FL,2
723,32541,Destin,FL,2
724,32547,Beach,FL,2
725,32550,Beach,FL,2
726,32561,Breeze,FL,2
727,32571,Pace,FL,2
728,32578,Niceville,FL,2
729,32603,Gainesville,FL,2
730,32605,Gainesville,FL,2
731,32608,Gainesville,FL,2
732,32611,Gainesville,FL,6
733,32701,Springs,FL,2
734,32703,Apopka,FL,2
735,32708,Springs,FL,2
736,32714,Springs,FL,2
737,32720,Deland,FL,2
738,32730,Park,FL,2
739,32746,Mary,FL,2
740,32757,Dora,FL,2
741,32763,City,FL,2
742,32765,Oviedo,FL,2
743,32771,Sanford,FL,4
744,32789,Park,FL,2
745,32792,Park,FL,2
746,32803,Orlando,FL,2
747,32806,Orlando,FL,2
748,32809,Orlando,FL,4
749,32810,Orlando,FL,2
750,32811,Orlando,FL,2
751,32816,Orlando,FL,2
752,32817,Orlando,FL,2
753,32819,Orlando,FL,2
754,32821,Orlando,FL,2
755,32822,Orlando,FL,2
756,32827,Orlando,FL,2
757,32828,Orlando,FL,2
758,32837,Orlando,FL,2
759,32839,Orlando,FL,2
760,32904,Melbourne,FL,4
761,32907,Bay,FL,2
762,32940,Melbourne,FL,2
763,32952,Island,FL,2
764,32966,Beach,FL,4
765,33014,Lakes,FL,2
766,33026,Pines,FL,4
767,33027,Miramar,FL,2
768,33062,Beach,FL,2
769,33071,Springs,FL,2
770,33156,Miami,FL,2
771,33174,Miami,FL,2
772,33178,Doral,FL,2
773,33199,Miami,FL,2
774,33306,Lauderdale,FL,2
775,33323,Sunrise,FL,2
776,33324,Davie,FL,2
777,33331,Davie,FL,2
778,33351,Tamarac,FL,2
779,33388,Plantation,FL,2
780,33401,Beach,FL,2
781,33403,Park,FL,2
782,33409,Beach,FL,2
783,33410,Gardens,FL,2
784,33414,Beach,FL,2
785,33414,Wellington,FL,2
786,33417,Beach,FL,2
787,33431,Raton,FL,4
788,33436,Beach,FL,2
789,33442,Beach,FL,2
790,33463,Greenacres,FL,2
791,33483,Beach,FL,2
792,33511,Brandon,FL,6
793,33559,Lutz,FL,2
794,33596,Valrico,FL,2
795,33606,Tampa,FL,2
796,33607,Tampa,FL,8
797,33609,Tampa,FL,4
798,33611,Tampa,FL,2
799,33613,Tampa,FL,2
800,33617,Terrace,FL,2
801,33618,Carrollwood,FL,2
802,33620,Tampa,FL,2
803,33625,Tampa,FL,2
804,33634,Tampa,FL,2
805,33647,Tampa,FL,2
806,33703,Petersburg,FL,2
807,33706,Petersburg,FL,2
808,33710,Petersburg,FL,4
809,33761,Clearwater,FL,2
810,33762,Clearwater,FL,2
811,33763,Clearwater,FL,2
812,33765,Clearwater,FL,2
813,33771,Largo,FL,2
814,33772,Seminole,FL,2
815,33781,Park,FL,2
816,33801,Lakeland,FL,2
817,33809,Lakeland,FL,4
818,33813,Lakeland,FL,2
819,33837,Davenport,FL,2
820,33880,Haven,FL,2
821,33909,Coral,FL,2
822,33912,Myers,FL,2
823,33913,Myers,FL,2
824,33928,Estero,FL,2
825,33948,Charlotte,FL,2
826,33965,Myers,FL,2
827,33966,Myers,FL,2
828,34102,Naples,FL,2
829,34109,Naples,FL,2
830,34203,Bradenton,FL,2
831,34207,Bradenton,FL,2
832,34232,Sarasota,FL,2
833,34233,Sarasota,FL,2
834,34238,Sarasota,FL,2
835,34474,Ocala,FL,4
836,34613,Brooksville,FL,2
837,34655,Trinity,FL,2
838,34668,Richey,FL,2
839,34677,Oldsmar,FL,2
840,34684,Harbor,FL,2
841,34711,Clermont,FL,2
842,34714,Clermont,FL,2
843,34741,Kissimmee,FL,2
844,34746,Kissimmee,FL,2
845,34747,Kissimmee,FL,4
846,34761,Ocoee,FL,2
847,34769,Cloud,FL,2
848,34787,Garden,FL,2
849,34957,Beach,FL,2
850,34994,Stuart,FL,2
851,35007,Alabaster,AL,2
852,35022,Bessemer,AL,2
853,35040,Calera,AL,2
854,35055,Cullman,AL,2
855,35068,Fultondale,AL,2
856,35071,Gardendale,AL,2
857,35094,Leeds,AL,2
858,35124,Pelham,AL,2
859,35125,City,AL,2
860,35203,Birmingham,AL,4
861,35205,Birmingham,AL,2
862,35209,Birmingham,AL,2
863,35209,Homewood,AL,2
864,35210,Irondale,AL,2
865,35212,Birmingham,AL,2
866,35215,Birmingham,AL,2
867,35216,Hoover,AL,2
868,35216,Vestavia,AL,2
869,35226,Hoover,AL,2
870,35229,Birmingham,AL,2
871,35235,Birmingham,AL,2
872,35242,Birmingham,AL,4
873,35244,Birmingham,AL,2
874,35244,Hoover,AL,2
875,35254,Birmingham,AL,2
876,35404,Tuscaloosa,AL,6
877,35405,Tuscaloosa,AL,2
878,35476,Northport,AL,2
879,35487,Tuscaloosa,AL,2
880,35501,Jasper,AL,4
881,35601,Decatur,AL,2
882,35611,Athens,AL,2
883,35630,Florence,AL,4
884,35632,Florence,AL,2
885,35661,Shoals,AL,2
886,35758,Madison,AL,2
887,35763,Roads,AL,2
888,35801,Huntsville,AL,2
889,35802,Huntsville,AL,2
890,35803,Huntsville,AL,2
891,35816,Huntsville,AL,2
892,35899,Huntsville,AL,2
893,35901,Gadsden,AL,4
894,35968,Payne,AL,2
895,35976,Guntersville,AL,2
896,36066,Prattville,AL,2
897,36081,Troy,AL,2
898,36082,Troy,AL,2
899,36104,Montgomery,AL,4
900,36107,Montgomery,AL,2
901,36117,Montgomery,AL,6
902,36203,Oxford,AL,4
903,36265,Jacksonville,AL,2
904,36303,Dothan,AL,4
905,36330,Enterprise,AL,2
906,36526,Daphne,AL,2
907,36527,Fort,AL,2
908,36535,Foley,AL,2
909,36602,Mobile,AL,2
910,36606,Mobile,AL,4
911,36608,Mobile,AL,2
912,36688,Mobile,AL,2
913,36695,Mobile,AL,2
914,36801,Opelika,AL,2
915,36830,Auburn,AL,2
916,36832,Auburn,AL,2
917,36849,Auburn,AL,2
918,36867,City,AL,2
919,37027,Brentwood,TN,2
920,37040,Clarksville,TN,2
921,37043,Clarksville,TN,2
922,37044,Clarksville,TN,2
923,37064,Franklin,TN,2
924,37066,Gallatin,TN,2
925,37067,Franklin,TN,4
926,37075,Hendersonville,TN,2
927,37076,Hermitage,TN,2
928,37087,Lebanon,TN,2
929,37115,Madison,TN,2
930,37122,Juliet,TN,2
931,37129,Murfreesboro,TN,4
932,37132,Murfreesboro,TN,2
933,37167,Smyrna,TN,2
934,37204,Nashville,TN,2
935,37209,Nashville,TN,4
936,37212,Nashville,TN,2
937,37228,Nashville,TN,2
938,37243,Nashville,TN,2
939,37311,Cleveland,TN,2
940,37312,Cleveland,TN,2
941,37343,Hixson,TN,2
942,37388,Tullahoma,TN,2
943,37403,Chattanooga,TN,4
944,37411,Chattanooga,TN,2
945,37415,Chattanooga,TN,2
946,37421,Chattanooga,TN,4
947,37601,City,TN,4
948,37604,City,TN,4
949,37620,Bristol,TN,2
950,37643,Elizabethton,TN,2
951,37660,Kingsport,TN,2
952,37701,Alcoa,TN,2
953,37760,City,TN,2
954,37771,City,TN,2
955,37801,Maryville,TN,2
956,37814,Morristown,TN,2
957,37830,Ridge,TN,2
958,37849,Powell,TN,2
959,37862,Sevierville,TN,2
960,37912,Knoxville,TN,2
961,37916,Knoxville,TN,2
962,37918,Knoxville,TN,2
963,37919,Knoxville,TN,8
964,37920,Knoxville,TN,2
965,37922,Knoxville,TN,2
966,37924,Knoxville,TN,2
967,37934,Knoxville,TN,2
968,37996,Knoxville,TN,2
969,38017,Collierville,TN,2
970,38024,Dyersburg,TN,2
971,38053,Millington,TN,2
972,38104,Memphis,TN,2
973,38117,Memphis,TN,4
974,38119,Memphis,TN,2
975,38125,Memphis,TN,2
976,38133,Memphis,TN,4
977,38138,Germantown,TN,2
978,38152,Memphis,TN,2
979,38201,Kenzie,TN,2
980,38238,Martin,TN,2
981,38301,Jackson,TN,2
982,38305,Jackson,TN,4
983,38401,Columbia,TN,2
984,38501,Cookeville,TN,2
985,38505,Cookeville,TN,2
986,38654,Branch,MS,2
987,38655,Oxford,MS,2
988,38671,Southaven,MS,2
989,38677,University,MS,2
990,38732,Cleveland,MS,2
991,38801,Tupelo,MS,2
992,38804,Tupelo,MS,4
993,39042,Brandon,MS,2
994,39056,Clinton,MS,2
995,39096,Lorman,MS,2
996,39110,Madison,MS,2
997,39157,Ridgeland,MS,2
998,39180,Vicksburg,MS,2
999,39201,Jackson,MS,2
1000,39202,Jackson,MS,2
1001,39211,Jackson,MS,2
1002,39216,Jackson,MS,2
1003,39217,Jackson,MS,2
1004,39232,Flowood,MS,2
1005,39301,Meridian,MS,2
1006,39402,Hattiesburg,MS,4
1007,39406,Hattiesburg,MS,2
1008,39440,Laurel,MS,4
1009,39503,Gulfport,MS,2
1010,39531,Biloxi,MS,2
1011,39540,Diberville,MS,2
1012,39705,Columbus,MS,2
1013,39759,Starkville,MS,2
1014,39762,State,MS,2
1015,40207,Louisville,KY,4
1016,40208,Louisville,KY,2
1017,40218,Louisville,KY,2
1018,40219,Louisville,KY,4
1019,40220,Louisville,KY,2
1020,40223,Louisville,KY,2
1021,40241,Louisville,KY,2
1022,40258,Louisville,KY,2
1023,40291,Louisville,KY,2
1024,40324,Georgetown,KY,2
1025,40351,Morehead,KY,2
1026,40475,Richmond,KY,4
1027,40503,Lexington,KY,4
1028,40504,Lexington,KY,2
1029,40506,Lexington,KY,2
1030,40509,Lexington,KY,2
1031,40601,Frankfort,KY,2
1032,40769,Williamsburg,KY,2
1033,41017,Wright,KY,2
1034,41042,Florence,KY,4
1035,41048,Hebron,KY,2
1036,41071,Newport,KY,2
1037,41101,Ashland,KY,2
1038,41501,Pikeville,KY,2
1039,42001,Paducah,KY,4
1040,42101,Green,KY,4
1041,42104,Green,KY,2
1042,42240,Hopkinsville,KY,2
1043,42301,Owensboro,KY,2
1044,42701,Elizabethtown,KY,2
1045,42718,Campbellsville,KY,2
1046,43016,Dublin,OH,2
1047,43017,Dublin,OH,2
1048,43026,Hilliard,OH,2
1049,43123,City,OH,2
1050,43212,Columbus,OH,2
1051,43213,Columbus,OH,2
1052,43240,Columbus,OH,4
1053,43528,Holland,OH,2
1054,43551,Perrysburg,OH,2
1055,43606,Toledo,OH,2
1056,43617,Toledo,OH,2
1057,43623,Toledo,OH,4
1058,44060,Mentor,OH,4
1059,44067,Macedonia,OH,2
1060,44070,Olmsted,OH,2
1061,44094,Willoughby,OH,2
1062,44115,Cleveland,OH,2
1063,44116,River,OH,2
1064,44122,Beachwood,OH,2
1065,44122,Heights,OH,2
1066,44135,Cleveland,OH,2
1067,44136,Strongsville,OH,2
1068,44221,Falls,OH,2
1069,44325,Akron,OH,4
1070,44333,Fairlawn,OH,2
1071,44484,Warren,OH,2
1072,44512,Boardman,OH,2
1073,44514,Poland,OH,2
1074,44555,Youngstown,OH,2
1075,44718,Canton,OH,2
1076,44720,Canton,OH,2
1077,45011,Hamilton,OH,2
1078,45040,Mason,OH,4
1079,45069,Chester,OH,4
1080,45150,Milford,OH,2
1081,45209,Cincinnati,OH,2
1082,45211,Cincinnati,OH,2
1083,45221,Cincinnati,OH,2
1084,45236,Cincinnati,OH,2
1085,45245,Cincinnati,OH,2
1086,45246,Springdale,OH,2
1087,45251,Cincinnati,OH,2
1088,45255,Cincinnati,OH,2
1089,45373,Troy,OH,2
1090,45377,Vandalia,OH,2
1091,45414,Dayton,OH,2
1092,45429,Kettering,OH,2
1093,45431,Beavercreek,OH,4
1094,45440,Centerville,OH,2
1095,45459,Dayton,OH,4
1096,46012,Anderson,IN,1
1097,46032,Carmel,IN,2
1098,46060,Noblesville,IN,4
1099,46123,Avon,IN,2
1100,46142,Greenwood,IN,4
1101,46168,Plainfield,IN,2
1102,46202,Indianapolis,IN,2
1103,46204,Indianapolis,IN,2
1104,46220,Indianapolis,IN,2
1105,46237,Indianapolis,IN,2
1106,46240,Indianapolis,IN,2
1107,46241,Indianapolis,IN,2
1108,46250,Indianapolis,IN,2
1109,46268,Indianapolis,IN,2
1110,46410,Merrillville,IN,2
1111,46545,Mishawaka,IN,4
1112,46614,Bend,IN,2
1113,46804,Wayne,IN,2
1114,46805,Wayne,IN,2
1115,46953,Marion,IN,2
1116,46989,Upland,IN,2
1117,47129,Clarksville,IN,2
1118,47150,Albany,IN,2
1119,47201,Columbus,IN,2
1120,47303,Muncie,IN,2
1121,47306,Muncie,IN,2
1122,47401,Bloomington,IN,4
1123,47712,Evansville,IN,2
1124,47715,Evansville,IN,4
1125,47722,Evansville,IN,2
1126,47802,Haute,IN,2
1127,47905,Lafayette,IN,2
1128,48084,Troy,MI,2
1129,48197,Ypsilanti,MI,2
1130,48201,Detroit,MI,2
1131,48309,Rochester,MI,2
1132,48864,Okemos,MI,2
1133,48917,Lansing,MI,2
1134,49002,Portage,MI,2
1135,49424,Holland,MI,2
1136,49508,Rapids,MI,2
1137,49509,Wyoming,MI,2
1138,49525,Rapids,MI,2
1139,50010,Ames,IA,2
1140,50021,Ankeny,IA,2
1141,50266,Moines,IA,6
1142,50310,Moines,IA,2
1143,50702,Waterloo,IA,2
1144,51106,City,IA,4
1145,52003,Dubuque,IA,2
1146,52241,Coralville,IA,2
1147,52402,Rapids,IA,2
1148,52404,Rapids,IA,2
1149,52806,Davenport,IA,2
1150,52807,Davenport,IA,2
1151,53005,Brookfield,WI,4
1152,53129,Greendale,WI,2
1153,53154,Creek,WI,2
1154,53227,Allis,WI,2
1155,53406,Pleasant,WI,2
1156,53704,Madison,WI,2
1157,53719,Madison,WI,2
1158,55109,Maplewood,MN,2
1159,55111,Paul,MN,2
1160,55118,Paul,MN,2
1161,55123,Eagan,MN,2
1162,55124,Valley,MN,2
1163,55317,Chanhassen,MN,2
1164,55337,Burnsville,MN,2
1165,55369,Grove,MN,2
1166,55425,Bloomington,MN,2
1167,55426,Park,MN,2
1168,55431,Bloomington,MN,2
1169,55434,Blaine,MN,2
1170,55448,Rapids,MN,2
1171,55455,Minneapolis,MN,2
1172,55904,Rochester,MN,2
1173,56001,Mankato,MN,2
1174,56301,Cloud,MN,4
1175,57007,Brookings,SD,2
1176,57069,Vermillion,SD,2
1177,58103,Fargo,ND,2
1178,58201,Forks,ND,2
1179,59901,Kalispell,MT,2
1180,60014,Lake,IL,2
1181,60031,Gurnee,IL,2
1182,60047,Kildeer,IL,2
1183,60056,Prospect,IL,2
1184,60061,Hills,IL,2
1185,60077,Skokie,IL,2
1186,60108,Bloomingdale,IL,2
1187,60126,Elmhurst,IL,2
1188,60137,Ellyn,IL,2
1189,60148,Lombard,IL,2
1190,60160,Park,IL,2
1191,60173,Schaumburg,IL,2
1192,60189,Wheaton,IL,2
1193,60194,Schaumburg,IL,2
1194,60415,Ridge,IL,2
1195,60462,Park,IL,2
1196,60490,Bolingbrook,IL,2
1197,60504,Aurora,IL,2
1198,60510,Batavia,IL,2
1199,60525,Countryside,IL,2
1200,60527,Willowbrook,IL,2
1201,60543,Oswego,IL,2
1202,60546,Riverside,IL,2
1203,60601,Chicago,IL,2
1204,60607,Chicago,IL,2
1205,60611,Chicago,IL,2
1206,61107,Rockford,IL,2
1207,61265,Moline,IL,4
1208,61611,Peoria,IL,2
1209,61615,Peoria,IL,2
1210,61625,Peoria,IL,2
1211,61710,Bloomington,IL,4
1212,61761,Normal,IL,2
1213,61791,Bloomington,IL,2
1214,61920,Charleston,IL,2
1215,62026,Edwardsville,IL,2
1216,62208,Heights,IL,2
1217,62221,Belleville,IL,2
1218,62704,Springfield,IL,2
1219,62901,Carbondale,IL,2
1220,63005,Chesterfield,MO,2
1221,63010,Arnold,MO,2
1222,63011,Ellisville,MO,2
1223,63103,Louis,MO,2
1224,63109,Louis,MO,2
1225,63110,Louis,MO,2
1226,63127,Louis,MO,2
1227,63129,Louis,MO,2
1228,63131,Peres,MO,4
1229,63144,Brentwood,MO,2
1230,63301,Charles,MO,2
1231,63304,Peters,MO,2
1232,63368,Fallon,MO,2
1233,63385,Wentzville,MO,2
1234,63501,Kirksville,MO,2
1235,63701,Girardeau,MO,2
1236,63703,Girardeau,MO,2
1237,64014,Springs,MO,2
1238,64057,Independence,MO,2
1239,64068,Liberty,MO,2
1240,64086,Summit,MO,2
1241,64093,Warrensburg,MO,2
1242,64110,City,MO,2
1243,64114,City,MO,2
1244,64154,City,MO,2
1245,64468,Maryville,MO,2
1246,64506,Joseph,MO,2
1247,64507,Joseph,MO,2
1248,64801,Joplin,MO,2
1249,64804,Joplin,MO,2
1250,65109,City,MO,2
1251,65203,Columbia,MO,2
1252,65409,Rolla,MO,2
1253,65616,Branson,MO,2
1254,65804,Springfield,MO,4
1255,65807,Springfield,MO,2
1256,65897,Springfield,MO,2
1257,66045,Lawrence,KS,2
1258,66046,Lawrence,KS,2
1259,66062,Olathe,KS,2
1260,66109,City,KS,2
1261,66202,Mission,KS,2
1262,66210,Park,KS,2
1263,66215,Park,KS,2
1264,66223,Park,KS,2
1265,66502,Manhattan,KS,2
1266,66506,Manhattan,KS,2
1267,66604,Topeka,KS,4
1268,67037,Derby,KS,2
1269,67205,Wichita,KS,2
1270,67206,Wichita,KS,2
1271,67209,Wichita,KS,2
1272,67260,Wichita,KS,2
1273,67401,Salina,KS,2
1274,67501,Hutchinson,KS,2
1275,68114,Omaha,NE,2
1276,68123,Bellevue,NE,2
1277,68130,Omaha,NE,2
1278,68131,Omaha,NE,2
1279,68133,Papillion,NE,2
1280,68134,Omaha,NE,2
1281,68154,Omaha,NE,2
1282,68175,Omaha,NE,2
1283,68512,Lincoln,NE,2
1284,68849,Kearney,NE,2
1285,70002,Metairie,LA,4
1286,70053,Gretna,LA,2
1287,70058,Harvey,LA,2
1288,70062,Kenner,LA,2
1289,70121,Jefferson,LA,2
1290,70125,Orleans,LA,2
1291,70148,Orleans,LA,2
1292,70360,Houma,LA,2
1293,70402,Hammond,LA,2
1294,70403,Hammond,LA,2
1295,70433,Covington,LA,4
1296,70458,Slidell,LA,2
1297,70460,Slidell,LA,2
1298,70501,Lafayette,LA,2
1299,70503,Lafayette,LA,6
1300,70601,Charles,LA,2
1301,70605,Charles,LA,2
1302,70726,Springs,LA,2
1303,70737,Gonzales,LA,2
1304,70803,Rouge,LA,2
1305,70808,Rouge,LA,2
1306,70809,Rouge,LA,2
1307,70813,Rouge,LA,2
1308,70816,Rouge,LA,2
1309,70817,Rouge,LA,2
1310,70836,Rouge,LA,2
1311,71105,Shreveport,LA,2
1312,71111,City,LA,2
1313,71203,Monroe,LA,2
1314,71209,Monroe,LA,2
1315,71270,Ruston,LA,2
1316,71272,Ruston,LA,2
1317,71291,Monroe,LA,4
1318,71301,Alexandria,LA,4
1319,71601,Bluff,AR,2
1320,71753,Magnolia,AR,2
1321,71913,Springs,AR,2
1322,71998,Arkadelphia,AR,2
1323,71999,Arkadelphia,AR,2
1324,72022,Bryant,AR,2
1325,72032,Conway,AR,2
1326,72034,Conway,AR,2
1327,72035,Conway,AR,2
1328,72113,Maumelle,AR,2
1329,72116,Rock,AR,2
1330,72117,Rock,AR,2
1331,72143,Searcy,AR,2
1332,72149,Searcy,AR,2
1333,72202,Rock,AR,2
1334,72205,Rock,AR,4
1335,72210,Rock,AR,2
1336,72211,Rock,AR,2
1337,72212,Rock,AR,2
1338,72401,Jonesboro,AR,4
1339,72701,Fayetteville,AR,4
1340,72703,Fayetteville,AR,4
1341,72712,Bentonville,AR,2
1342,72716,Bentonville,AR,2
1343,72756,Rogers,AR,2
1344,72758,Rogers,AR,2
1345,72801,Russellville,AR,2
1346,72802,Russellville,AR,2
1347,72903,Smith,AR,2
1348,72904,Smith,AR,2
1349,73013,Edmond,OK,4
1350,73019,Norman,OK,6
1351,73034,Edmond,OK,6
1352,73069,Norman,OK,2
1353,73072,Norman,OK,2
1354,73099,Yukon,OK,2
1355,73110,City,OK,2
1356,73112,City,OK,2
1357,73117,City,OK,2
1358,73118,City,OK,2
1359,73128,City,OK,2
1360,73132,City,OK,2
1361,73134,City,OK,4
1362,73139,City,OK,2
1363,73160,Moore,OK,2
1364,73401,Ardmore,OK,2
1365,73501,Lawton,OK,2
1366,73505,Lawton,OK,2
1367,73533,Duncan,OK,2
1368,73703,Enid,OK,2
1369,74006,Bartlesville,OK,2
1370,74012,Arrow,OK,2
1371,74017,Claremore,OK,2
1372,74055,Owasso,OK,2
1373,74075,Stillwater,OK,2
1374,74078,Stillwater,OK,2
1375,74104,Tulsa,OK,2
1376,74132,Tulsa,OK,2
1377,74133,Tulsa,OK,6
1378,74135,Tulsa,OK,2
1379,74171,Tulsa,OK,2
1380,74401,Muskogee,OK,2
1381,74464,Tahlequah,OK,2
1382,74804,Shawnee,OK,4
1383,75001,Addison,TX,2
1384,75022,Mound,TX,2
1385,75023,Plano,TX,2
1386,75028,Mound,TX,2
1387,75033,Frisco,TX,2
1388,75034,Frisco,TX,2
1389,75038,Irving,TX,2
1390,75044,Garland,TX,2
1391,75052,Prairie,TX,4
1392,75062,Irving,TX,2
1393,75063,Irving,TX,2
1394,75067,Lewisville,TX,2
1395,75070,Mckinney,TX,4
1396,75071,Mckinney,TX,2
1397,75082,Richardson,TX,2
1398,75093,Plano,TX,2
1399,75094,Murphy,TX,2
1400,75104,Hill,TX,2
1401,75126,Forney,TX,2
1402,75150,Mesquite,TX,2
1403,75205,Dallas,TX,2
1404,75206,Dallas,TX,2
1405,75211,Dallas,TX,4
1406,75220,Dallas,TX,2
1407,75225,Dallas,TX,2
1408,75231,Dallas,TX,2
1409,75235,Dallas,TX,2
1410,75237,Dallas,TX,2
1411,75243,Dallas,TX,2
1412,75244,Dallas,TX,4
1413,75246,Dallas,TX,2
1414,75261,Dallas,TX,4
1415,75287,Dallas,TX,2
1416,75402,Greenville,TX,2
1417,75503,Texarkana,TX,2
1418,75605,Longview,TX,4
1419,75703,Tyler,TX,6
1420,75901,Lufkin,TX,2
1421,75965,Nacogdoches,TX,2
1422,76011,Arlington,TX,2
1423,76016,Arlington,TX,2
1424,76028,Burleson,TX,2
1425,76039,Euless,TX,2
1426,76048,Granbury,TX,2
1427,76051,Grapevine,TX,4
1428,76053,Hurst,TX,2
1429,76054,Hurst,TX,4
1430,76063,Mansfield,TX,4
1431,76104,Worth,TX,2
1432,76107,Worth,TX,2
1433,76114,Village,TX,2
1434,76126,Benbrook,TX,2
1435,76132,Worth,TX,4
1436,76133,Worth,TX,2
1437,76135,Worth,TX,2
1438,76155,Worth,TX,2
1439,76177,Worth,TX,4
1440,76182,Hills,TX,2
1441,76205,Denton,TX,2
1442,76210,Corinth,TX,2
1443,76227,Crossroads,TX,2
1444,76248,Keller,TX,2
1445,76308,Falls,TX,2
1446,76504,Temple,TX,2
1447,76522,Cove,TX,2
1448,76541,Killeen,TX,2
1449,76548,Heights,TX,2
1450,76706,Waco,TX,2
1451,76710,Waco,TX,2
1452,76798,Waco,TX,2
1453,76802,Early,TX,2
1454,76904,Angelo,TX,2
1455,76909,Angelo,TX,2
1456,77002,Houston,TX,2
1457,77008,Houston,TX,2
1458,77010,Houston,TX,2
1459,77015,Houston,TX,2
1460,77022,Houston,TX,2
1461,77023,Houston,TX,2
1462,77024,Houston,TX,4
1463,77025,Houston,TX,2
1464,77030,Houston,TX,2
1465,77032,Houston,TX,4
1466,77040,Houston,TX,2
1467,77049,Houston,TX,2
1468,77056,Houston,TX,2
1469,77058,Houston,TX,2
1470,77064,Houston,TX,2
1471,77065,Houston,TX,2
1472,77068,Houston,TX,2
1473,77069,Houston,TX,2
1474,77070,Houston,TX,2
1475,77072,Houston,TX,2
1476,77074,Houston,TX,2
1477,77077,Houston,TX,2
1478,77079,Houston,TX,2
1479,77083,Houston,TX,2
1480,77084,Houston,TX,2
1481,77086,Houston,TX,2
1482,77090,Houston,TX,2
1483,77093,Houston,TX,2
1484,77094,Houston,TX,2
1485,77095,Houston,TX,2
1486,77096,Houston,TX,2
1487,77098,Houston,TX,2
1488,77304,Conroe,TX,2
1489,77338,Humble,TX,4
1490,77339,Kingwood,TX,2
1491,77345,Kingwood,TX,2
1492,77346,Humble,TX,2
1493,77354,Magnolia,TX,2
1494,77373,Spring,TX,2
1495,77380,Woodlands,TX,2
1496,77382,Woodlands,TX,2
1497,77386,Spring,TX,2
1498,77388,Spring,TX,2
1499,77389,Spring,TX,2
1500,77406,Richmond,TX,2
1501,77429,Cypress,TX,2
1502,77433,Cypress,TX,4
1503,77449,Katy,TX,2
1504,77450,Katy,TX,2
1505,77459,City,TX,2
1506,77477,Stafford,TX,2
1507,77479,Land,TX,4
1508,77494,Katy,TX,4
1509,77505,Pasadena,TX,2
1510,77521,Baytown,TX,2
1511,77523,Baytown,TX,2
1512,77539,Dickinson,TX,2
1513,77546,Friendswood,TX,2
1514,77565,Shores,TX,2
1515,77566,Jackson,TX,2
1516,77571,Porte,TX,2
1517,77573,City,TX,2
1518,77581,Pearland,TX,2
1519,77598,Webster,TX,2
1520,77640,Arthur,TX,2
1521,77701,Beaumont,TX,2
1522,77705,Beaumont,TX,2
1523,77706,Beaumont,TX,4
1524,77802,Bryan,TX,2
1525,77840,Station,TX,2
1526,78028,Kerrville,TX,2
1527,78041,Laredo,TX,4
1528,78043,Laredo,TX,2
1529,78045,Laredo,TX,2
1530,78154,Selma,TX,2
1531,78209,Antonio,TX,2
1532,78216,Antonio,TX,2
1533,78223,Antonio,TX,4
1534,78227,Antonio,TX,2
1535,78229,Antonio,TX,2
1536,78231,Antonio,TX,2
1537,78238,Antonio,TX,4
1538,78240,Antonio,TX,2
1539,78249,Antonio,TX,2
1540,78250,Antonio,TX,2
1541,78253,Antonio,TX,2
1542,78258,Antonio,TX,2
1543,78411,Christi,TX,4
1544,78503,Mcallen,TX,2
1545,78504,Mcallen,TX,4
1546,78520,Brownsville,TX,2
1547,78521,Brownsville,TX,2
1548,78539,Edinburg,TX,2
1549,78552,Harlingen,TX,2
1550,78573,Palmhurst,TX,2
1551,78602,Bastrop,TX,2
1552,78613,Park,TX,4
1553,78628,Georgetown,TX,2
1554,78640,Kyle,TX,2
1555,78654,Falls,TX,2
1556,78664,Rock,TX,2
1557,78701,Austin,TX,2
1558,78704,Austin,TX,2
1559,78717,Austin,TX,2
1560,78727,Austin,TX,2
1561,78738,Cave,TX,2
1562,78746,Austin,TX,2
1563,78748,Austin,TX,2
1564,78753,Austin,TX,2
1565,78759,Austin,TX,2
1566,78840,Rio,TX,2
1567,78852,Pass,TX,2
1568,79106,Amarillo,TX,2
1569,79109,Amarillo,TX,2
1570,79410,Lubbock,TX,2
1571,79416,Lubbock,TX,2
1572,79423,Lubbock,TX,2
1573,79424,Lubbock,TX,4
1574,79601,Abilene,TX,2
1575,79606,Abilene,TX,4
1576,79699,Abilene,TX,2
1577,79705,Midland,TX,2
1578,79707,Midland,TX,2
1579,79762,Odessa,TX,2
1580,79912,Paso,TX,2
1581,79924,Paso,TX,2
1582,79925,Paso,TX,2
1583,79938,Paso,TX,2
1584,80002,Arvada,CO,2
1585,80003,Arvada,CO,2
1586,80011,Aurora,CO,2
1587,80012,Aurora,CO,6
1588,80015,Aurora,CO,2
1589,80016,Aurora,CO,2
1590,80023,Thornton,CO,2
1591,80023,Westminster,CO,2
1592,80027,Superior,CO,2
1593,80108,Rock,CO,2
1594,80110,Sheridan,CO,2
1595,80112,Village,CO,2
1596,80113,Englewood,CO,2
1597,80120,Littleton,CO,2
1598,80122,Centennial,CO,2
1599,80123,Littleton,CO,2
1600,80124,Tree,CO,4
1601,80126,Ranch,CO,2
1602,80128,Littleton,CO,2
1603,80129,Ranch,CO,2
1604,80138,Parker,CO,2
1605,80206,Denver,CO,2
1606,80207,Denver,CO,2
1607,80214,Edgewater,CO,2
1608,80226,Lakewood,CO,2
1609,80231,Denver,CO,2
1610,80233,Thornton,CO,2
1611,80246,Denver,CO,2
1612,80249,Denver,CO,2
1613,80260,Denver,CO,2
1614,80401,Lakewood,CO,2
1615,80501,Longmont,CO,2
1616,80525,Collins,CO,2
1617,80538,Loveland,CO,2
1618,80547,Timnath,CO,2
1619,80601,Brighton,CO,2
1620,80634,Greeley,CO,2
1621,80817,Fountain,CO,2
1622,80907,Springs,CO,2
1623,80909,Springs,CO,2
1624,80920,Springs,CO,4
1625,80921,Springs,CO,2
1626,80922,Springs,CO,2
1627,81008,Pueblo,CO,2
1628,81501,Junction,CO,2
1629,81505,Junction,CO,2
1630,82009,Cheyenne,WY,4
1631,83301,Falls,ID,2
1632,83406,Ammon,ID,2
1633,83460,Rexburg,ID,2
1634,83646,Meridian,ID,2
1635,83702,Boise,ID,2
1636,83709,Boise,ID,2
1637,83725,Boise,ID,2
1638,83843,Moscow,ID,2
1639,84003,Fork,UT,2
1640,84014,Centerville,UT,2
1641,84020,Draper,UT,2
1642,84025,Farmington,UT,2
1643,84041,Layton,UT,4
1644,84043,Lehi,UT,2
1645,84047,Midvale,UT,2
1646,84057,Orem,UT,2
1647,84058,Orem,UT,2
1648,84070,Sandy,UT,2
1649,84084,Jordan,UT,2
1650,84095,Jordan,UT,2
1651,84097,Orem,UT,2
1652,84106,City,UT,2
1653,84107,Murray,UT,4
1654,84111,City,UT,2
1655,84120,City,UT,2
1656,84123,Taylorsville,UT,2
1657,84341,Logan,UT,2
1658,84404,Ogden,UT,2
1659,84405,Riverdale,UT,2
1660,84602,Provo,UT,2
1661,84604,Provo,UT,2
1662,84660,Fork,UT,2
1663,84720,City,UT,2
1664,84790,George,UT,2
1665,85004,Phoenix,AZ,2
1666,85016,Phoenix,AZ,2
1667,85017,Phoenix,AZ,2
1668,85018,Phoenix,AZ,2
1669,85027,Phoenix,AZ,2
1670,85028,Phoenix,AZ,2
1671,85029,Phoenix,AZ,2
1672,85044,Phoenix,AZ,2
1673,85054,Phoenix,AZ,2
1674,85142,Creek,AZ,2
1675,85194,Grande,AZ,2
1676,85201,Mesa,AZ,2
1677,85204,Mesa,AZ,2
1678,85206,Mesa,AZ,2
1679,85212,Mesa,AZ,2
1680,85224,Chandler,AZ,2
1681,85248,Chandler,AZ,2
1682,85260,Scottsdale,AZ,4
1683,85281,Tempe,AZ,4
1684,85286,Chandler,AZ,2
1685,85295,Gilbert,AZ,2
1686,85306,Glendale,AZ,4
1687,85365,Yuma,AZ,2
1688,85374,Surprise,AZ,2
1689,85382,Peoria,AZ,2
1690,85392,Avondale,AZ,2
1691,85395,Goodyear,AZ,2
1692,85705,Tucson,AZ,2
1693,85715,Tucson,AZ,2
1694,85716,Tucson,AZ,2
1695,85719,Tucson,AZ,2
1696,85741,Tucson,AZ,2
1697,86001,Flagstaff,AZ,2
1698,86011,Flagstaff,AZ,2
1699,86314,Valley,AZ,2
1700,87106,Albuquerque,NM,2
1701,87109,Albuquerque,NM,2
1702,87112,Albuquerque,NM,2
1703,87113,Albuquerque,NM,2
1704,87114,Albuquerque,NM,2
1705,87123,Albuquerque,NM,2
1706,87124,Rancho,NM,2
1707,87131,Albuquerque,NM,2
1708,87402,Farmington,NM,2
1709,88001,Cruces,NM,4
1710,88003,Cruces,NM,2
1711,88011,Cruces,NM,2
1712,89014,Henderson,NV,2
1713,89102,Vegas,NV,2
1714,89183,Vegas,NV,2
1715,89434,Sparks,NV,2
1716,89509,Reno,NV,2
1717,90007,Angeles,CA,2
1718,90017,Angeles,CA,2
1719,90024,Angeles,CA,2
1720,90028,Angeles,CA,2
1721,90067,Angeles,CA,2
1722,90230,Angeles,CA,2
1723,90241,Downey,CA,2
1724,90292,Venice,CA,4
1725,90503,Torrance,CA,2
1726,90504,Torrance,CA,2
1727,90603,Whittier,CA,2
1728,90620,Park,CA,2
1729,90631,Habra,CA,2
1730,90703,Cerritos,CA,2
1731,90712,Lakewood,CA,2
1732,90740,Beach,CA,2
1733,90804,Beach,CA,2
1734,90808,Beach,CA,2
1735,91106,Pasadena,CA,2
1736,91324,Northridge,CA,2
1737,91355,Clarita,CA,2
1738,91360,Oaks,CA,2
1739,91362,Village,CA,2
1740,91702,Azusa,CA,2
1741,91709,Hills,CA,2
1742,91739,Cucamonga,CA,2
1743,91740,Glendora,CA,2
1744,91748,Industry,CA,2
1745,91764,Ontario,CA,2
1746,91784,Upland,CA,2
1747,91789,Industry,CA,2
1748,91915,Vista,CA,2
1749,91942,Mesa,CA,2
1750,92024,Encinitas,CA,2
1751,92029,Escondido,CA,2
1752,92056,Oceanside,CA,2
1753,92071,Santee,CA,2
1754,92078,Marcos,CA,2
1755,92110,Diego,CA,2
1756,92121,Diego,CA,2
1757,92126,Diego,CA,2
1758,92127,Diego,CA,2
1759,92128,Diego,CA,2
1760,92374,Redlands,CA,2
1761,92504,Riverside,CA,2
1762,92507,Riverside,CA,2
1763,92562,Murrieta,CA,2
1764,92591,Temecula,CA,2
1765,92602,Irvine,CA,2
1766,92610,Ranch,CA,2
1767,92612,Irvine,CA,2
1768,92620,Irvine,CA,2
1769,92626,Mesa,CA,2
1770,92653,Hills,CA,2
1771,92656,Viejo,CA,2
1772,92660,Beach,CA,2
1773,92677,Niguel,CA,2
1774,92683,Westminster,CA,2
1775,92704,Ana,CA,2
1776,92782,Tustin,CA,2
1777,92821,Brea,CA,2
1778,92831,Fullerton,CA,2
1779,92832,Fullerton,CA,2
1780,92865,Orange,CA,2
1781,92879,Corona,CA,2
1782,92881,Corona,CA,2
1783,92887,Linda,CA,2
1784,93003,Ventura,CA,2
1785,93036,Oxnard,CA,2
1786,93105,Barbara,CA,2
1787,93309,Bakersfield,CA,2
1788,93407,Obispo,CA,2
1789,93551,Palmdale,CA,2
1790,93710,Fresno,CA,2
1791,93720,Fresno,CA,2
1792,94087,Sunnyvale,CA,2
1793,94533,Fairfield,CA,2
1794,94538,Fremont,CA,4
1795,94588,Pleasanton,CA,2
1796,94591,Vallejo,CA,2
1797,94597,Creek,CA,2
1798,94928,Park,CA,2
1799,94945,Novato,CA,2
1800,95112,Jose,CA,2
1801,95134,Jose,CA,2
1802,95207,Stockton,CA,2
1803,95401,Rosa,CA,2
1804,95603,Auburn,CA,2
1805,95624,Grove,CA,2
1806,95630,Folsom,CA,2
1807,95670,Cordova,CA,2
1808,95678,Roseville,CA,2
1809,95687,Vacaville,CA,2
1810,95746,Bay,CA,2
1811,95825,Sacramento,CA,2
1812,95841,Sacramento,CA,2
1813,97006,Hillsboro,OR,2
1814,97015,Clackamas,OR,2
1815,98003,Way,WA,2
1816,98004,Bellevue,WA,2
1817,98021,Bothell,WA,2
1818,98034,Kirkland,WA,2
1819,98036,Lynnwood,WA,2
1820,98373,Puyallup,WA,2
1821,98409,Tacoma,WA,2
1822,98684,Vancouver,WA,2
1823,Chapel,Cafe,Brinkhouse-Bullitt,2
1824,Court,58,Food,2
